,Player,Team,Annual Salary
0,"Stephen Curry, PG",Golden State Warriors,"$45,780,966"
1,"James Harden, SG",Philadelphia 76ers,"$44,310,840"
2,"John Wall, PG",Houston Rockets,"$44,310,840"
3,"Russell Westbrook, PG",Los Angeles Lakers,"$44,211,146"
4,"Kevin Durant, PF",Brooklyn Nets,"$42,018,900"
5,"LeBron James, SF",Los Angeles Lakers,"$41,180,544"
6,"Giannis Antetokounmpo, PF",Milwaukee Bucks,"$39,344,970"
7,"Damian Lillard, PG",Portland Trail Blazers,"$39,344,900"
8,"Kawhi Leonard, SF",LA Clippers,"$39,344,900"
9,"Paul George, SG",LA Clippers,"$39,344,900"
10,"Klay Thompson, SG",Golden State Warriors,"$37,980,720"
11,"Jimmy Butler, SF",Miami Heat,"$36,016,200"
12,"Tobias Harris, PF",Philadelphia 76ers,"$35,995,950"
13,"Khris Middleton, SF",Milwaukee Bucks,"$35,500,000"
14,"Anthony Davis, PF",Los Angeles Lakers,"$35,361,360"
15,"Rudy Gobert, C",Utah Jazz,"$35,344,828"
16,"Kyrie Irving, PG",Brooklyn Nets,"$35,328,700"
17,"Bradley Beal, SG",Washington Wizards,"$33,724,200"
18,"Pascal Siakam, PF",Toronto Raptors,"$33,003,936"
19,"Ben Simmons, PG",Brooklyn Nets,"$33,003,936"
20,"Jrue Holiday, PG",Milwaukee Bucks,"$32,413,333"
21,"Kristaps Porzingis, C",Washington Wizards,"$31,650,600"
22,"Devin Booker, SG",Phoenix Suns,"$31,650,600"
23,"Karl-Anthony Towns, C",Minnesota Timberwolves,"$31,650,600"
24,"Joel Embiid, C",Philadelphia 76ers,"$31,579,390"
25,"Andrew Wiggins, SF",Golden State Warriors,"$31,579,390"
26,"Nikola Jokic, C",Denver Nuggets,"$31,579,390"
27,"Kevin Love, PF",Cleveland Cavaliers,"$31,258,256"
28,"CJ McCollum, SG",New Orleans Pelicans,"$30,864,198"
29,"D'Angelo Russell, PG",Minnesota Timberwolves,"$30,013,500"
30,"Chris Paul, PG",Phoenix Suns,"$30,000,000"
31,"Gordon Hayward, SF",Charlotte Hornets,"$29,925,000"
32,"Jamal Murray, PG",Denver Nuggets,"$29,467,800"
33,"Brandon Ingram, SF",New Orleans Pelicans,"$29,467,800"
34,"De'Aaron Fox, PG",Sacramento Kings,"$28,103,550"
35,"Donovan Mitchell, SG",Utah Jazz,"$28,103,500"
36,"Bam Adebayo, C",Miami Heat,"$28,103,500"
37,"Jayson Tatum, SF",Boston Celtics,"$28,103,500"
38,"Al Horford, C",Boston Celtics,"$27,000,000"
39,"Kyle Lowry, PG",Miami Heat,"$26,894,128"
40,"Jaylen Brown, SG",Boston Celtics,"$26,758,928"
41,"DeMar DeRozan, SF",Chicago Bulls,"$26,000,000"
42,"Draymond Green, PF",Golden State Warriors,"$24,026,712"
43,"Nikola Vucevic, C",Chicago Bulls,"$24,000,000"
44,"John Collins, PF",Atlanta Hawks,"$23,000,000"
45,"Buddy Hield, SG",Indiana Pacers,"$22,768,890"
46,"Julius Randle, PF",New York Knicks,"$21,780,000"
47,"Malcolm Brogdon, PG",Indiana Pacers,"$21,700,000"
48,"Tim Hardaway Jr., SF",Dallas Mavericks,"$21,308,816"
49,"Mike Conley, PG",Utah Jazz,"$21,000,000"
50,"Gary Harris, SG",Orlando Magic,"$20,482,143"
51,"Danilo Gallinari, PF",Atlanta Hawks,"$20,475,000"
52,"Harrison Barnes, SF",Sacramento Kings,"$20,284,091"
53,"Jerami Grant, SF",Detroit Pistons,"$20,002,500"
54,"Jarrett Allen, C",Cleveland Cavaliers,"$20,000,000"
55,"Domantas Sabonis, PF",Sacramento Kings,"$19,800,000"
56,"Fred VanVleet, SG",Toronto Raptors,"$19,675,926"
57,"Zach LaVine, SG",Chicago Bulls,"$19,500,000"
58,"Bojan Bogdanovic, SF",Utah Jazz,"$18,700,000"
59,"Lonzo Ball, PG",Chicago Bulls,"$18,604,651"
60,"Clint Capela, C",Atlanta Hawks,"$18,603,448"
61,"Eric Gordon, SG",Houston Rockets,"$18,218,818"
62,"Eric Bledsoe, SG",LA Clippers,"$18,125,000"
63,"Myles Turner, C",Indiana Pacers,"$18,000,000"
64,"Bogdan Bogdanovic, SG",Atlanta Hawks,"$18,000,000"
65,"Terry Rozier, SG",Charlotte Hornets,"$17,905,263"
66,"Ricky Rubio, PG",Cleveland Cavaliers,"$17,800,000"
67,"Caris LeVert, SG",Cleveland Cavaliers,"$17,500,000"
68,"Jonathan Isaac, PF",Orlando Magic,"$17,400,000"
69,"Joe Harris, SF",Brooklyn Nets,"$17,357,143"
70,"Spencer Dinwiddie, PG",Dallas Mavericks,"$17,142,857"
71,"Steven Adams, C",Memphis Grizzlies,"$17,073,171"
72,"Evan Fournier, SG",New York Knicks,"$17,000,000"
73,"Markelle Fultz, PG",Orlando Magic,"$16,500,000"
74,"Aaron Gordon, PF",Denver Nuggets,"$16,409,091"
75,"OG Anunoby, SF",Toronto Raptors,"$16,071,429"
76,"Gary Trent Jr., SG",Toronto Raptors,"$16,000,000"
77,"Davis Bertans, SF",Dallas Mavericks,"$16,000,000"
78,"Lauri Markkanen, PF",Cleveland Cavaliers,"$15,690,909"
79,"Duncan Robinson, SG",Miami Heat,"$15,650,000"
80,"Marcus Morris Sr., SF",LA Clippers,"$15,627,907"
81,"Will Barton, SF",Denver Nuggets,"$15,625,000"
82,"Norman Powell, SF",LA Clippers,"$15,517,241"
83,"Dejounte Murray, PG",San Antonio Spurs,"$15,428,880"
84,"Derrick White, PG",Boston Celtics,"$15,178,571"
85,"Malik Beasley, SG",Minnesota Timberwolves,"$14,491,964"
86,"Marcus Smart, PG",Boston Celtics,"$14,339,285"
87,"Patrick Beverley, PG",Minnesota Timberwolves,"$14,320,988"
88,"Thaddeus Young, PF",Toronto Raptors,"$14,190,000"
89,"Jonas Valanciunas, C",New Orleans Pelicans,"$14,000,000"
90,"Doug McDermott, SF",San Antonio Spurs,"$13,750,000"
91,"Christian Wood, C",Houston Rockets,"$13,666,667"
92,"Derrick Rose, PG",New York Knicks,"$13,445,120"
93,"Luke Kennard, SG",LA Clippers,"$13,347,727"
94,"Brook Lopez, C",Milwaukee Bucks,"$13,302,325"
95,"Kentavious Caldwell-Pope, SG",Washington Wizards,"$13,038,862"
96,"Joe Ingles, SG",Utah Jazz,"$13,036,364"
97,"Kyle Kuzma, SF",Washington Wizards,"$13,000,000"
98,"Taurean Prince, PF",Minnesota Timberwolves,"$13,000,000"
99,"Robert Covington, PF",LA Clippers,"$12,975,471"
100,"T.J. Warren, SF",Indiana Pacers,"$12,690,000"
101,"Deandre Ayton, C",Phoenix Suns,"$12,632,950"
102,"Terrence Ross, SG",Orlando Magic,"$12,500,000"
103,"Jordan Clarkson, PG",Utah Jazz,"$12,420,000"
104,"Dillon Brooks, SF",Memphis Grizzlies,"$12,200,000"
105,"Kelly Olynyk, PF",Detroit Pistons,"$12,195,122"
106,"Kelly Oubre Jr., SG",Charlotte Hornets,"$12,000,000"
107,"Jusuf Nurkic, C",Portland Trail Blazers,"$12,000,000"
108,"Josh Hart, SG",Portland Trail Blazers,"$12,000,000"
109,"Josh Richardson, SG",San Antonio Spurs,"$11,615,328"
110,"Marvin Bagley III, PF",Detroit Pistons,"$11,312,114"
111,"Dwight Powell, C",Dallas Mavericks,"$11,080,125"
112,"Devonte' Graham, PG",New Orleans Pelicans,"$11,000,000"
113,"Zion Williamson, PF",New Orleans Pelicans,"$10,733,400"
114,"Larry Nance Jr., PF",New Orleans Pelicans,"$10,690,909"
115,"Jeremy Lamb, SG",Sacramento Kings,"$10,500,000"
116,"Richaun Holmes, C",Sacramento Kings,"$10,384,500"
117,"Reggie Jackson, PG",LA Clippers,"$10,384,500"
118,"Anthony Edwards, SF",Minnesota Timberwolves,"$10,245,480"
119,"Luka Doncic, PG",Dallas Mavericks,"$10,174,391"
120,"Cade Cunningham, PG",Detroit Pistons,"$10,050,120"
121,"Tomas Satoransky, SG",Washington Wizards,"$10,000,000"
122,"Danny Green, SF",Philadelphia 76ers,"$10,000,000"
123,"Kyle Anderson, SF",Memphis Grizzlies,"$9,937,150"
124,"Montrezl Harrell, C",Charlotte Hornets,"$9,720,900"
125,"Derrick Favors, C",Oklahoma City Thunder,"$9,720,900"
126,"Jae Crowder, PF",Phoenix Suns,"$9,720,900"
127,"Serge Ibaka, C",Milwaukee Bucks,"$9,720,900"
128,"Derrick Jones Jr., SF",Chicago Bulls,"$9,720,900"
129,"Ja Morant, PG",Memphis Grizzlies,"$9,603,360"
130,"Alec Burks, SG",New York Knicks,"$9,536,000"
131,"Reggie Bullock, SF",Dallas Mavericks,"$9,536,000"
132,"Talen Horton-Tucker, SG",Los Angeles Lakers,"$9,500,000"
133,"Mason Plumlee, C",Charlotte Hornets,"$9,248,333"
134,"Jaren Jackson Jr., PF",Memphis Grizzlies,"$9,180,560"
135,"James Wiseman, C",Golden State Warriors,"$9,166,800"
136,"Jalen Green, SG",Houston Rockets,"$8,992,200"
137,"Maxi Kleber, PF",Dallas Mavericks,"$8,975,000"
138,"De'Anthony Melton, SG",Memphis Grizzlies,"$8,805,976"
139,"Royce O'Neale, PF",Utah Jazz,"$8,800,000"
140,"Jakob Poeltl, C",San Antonio Spurs,"$8,750,000"
141,"Kemba Walker, PG",New York Knicks,"$8,729,020"
142,"Thomas Bryant, C",Washington Wizards,"$8,666,667"
143,"Alex Caruso, SG",Chicago Bulls,"$8,650,651"
144,"RJ Barrett, SG",New York Knicks,"$8,623,920"
145,"Delon Wright, SG",Atlanta Hawks,"$8,526,316"
146,"Dario Saric, PF",Phoenix Suns,"$8,510,000"
147,"Monte Morris, PG",Denver Nuggets,"$8,449,074"
148,"Tyus Jones, PG",Memphis Grizzlies,"$8,376,286"
149,"Trae Young, PG",Atlanta Hawks,"$8,326,471"
150,"Daniel Theis, C",Boston Celtics,"$8,280,351"
151,"LaMelo Ball, PG",Charlotte Hornets,"$8,231,760"
152,"Seth Curry, SG",Brooklyn Nets,"$8,207,518"
153,"JaMychal Green, PF",Denver Nuggets,"$8,200,000"
154,"Cedi Osman, SF",Cleveland Cavaliers,"$8,133,334"
155,"Evan Mobley, C",Cleveland Cavaliers,"$8,075,160"
156,"Nerlens Noel, C",New York Knicks,"$8,000,000"
157,"De'Andre Hunter, SF",Atlanta Hawks,"$7,775,400"
158,"Mo Bamba, C",Orlando Magic,"$7,568,743"
159,"Ivica Zubac, C",LA Clippers,"$7,518,518"
160,"T.J. McConnell, PG",Indiana Pacers,"$7,500,000"
161,"Patrick Williams, PF",Chicago Bulls,"$7,422,000"
162,"Aron Baynes, C",Toronto Raptors,"$7,350,000"
163,"Scottie Barnes, SF",Toronto Raptors,"$7,280,520"
164,"Darius Garland, PG",Cleveland Cavaliers,"$7,040,880"
165,"Chris Boucher, PF",Toronto Raptors,"$7,020,000"
166,"Zach Collins, PF",San Antonio Spurs,"$7,000,000"
167,"P.J. Tucker, PF",Miami Heat,"$7,000,000"
168,"Wendell Carter Jr., C",Orlando Magic,"$6,920,027"
169,"Juancho Hernangomez, F",Utah Jazz,"$6,907,815"
170,"Isaac Okoro, SF",Cleveland Cavaliers,"$6,720,720"
171,"Jalen Suggs, SG",Orlando Magic,"$6,593,040"
172,"Cameron Payne, PG",Phoenix Suns,"$6,500,000"
173,"Collin Sexton, PG",Cleveland Cavaliers,"$6,439,671"
174,"Jarrett Culver, G",Memphis Grizzlies,"$6,395,160"
175,"Khem Birch, C",Toronto Raptors,"$6,350,000"
176,"Onyeka Okongwu, PF",Atlanta Hawks,"$6,104,280"
177,"Justin Holiday, SF",Sacramento Kings,"$6,006,420"
178,"Josh Giddey, SG",Oklahoma City Thunder,"$5,988,000"
179,"Rudy Gay, SF",Utah Jazz,"$5,890,000"
180,"Patty Mills, PG",Brooklyn Nets,"$5,890,000"
181,"Dennis Schroder, PG",Houston Rockets,"$5,890,000"
182,"Kevin Knox II, F",Atlanta Hawks,"$5,845,979"
183,"Coby White, PG",Chicago Bulls,"$5,837,760"
184,"Killian Hayes, PG",Detroit Pistons,"$5,572,680"
185,"Mikal Bridges, SF",Phoenix Suns,"$5,557,725"
186,"Shai Gilgeous-Alexander, PG",Oklahoma City Thunder,"$5,495,532"
187,"Jonathan Kuminga, PF",Golden State Warriors,"$5,466,360"
188,"Miles Bridges, SF",Charlotte Hornets,"$5,421,493"
189,"Jaxson Hayes, C",New Orleans Pelicans,"$5,348,280"
190,"Pat Connaughton, SG",Milwaukee Bucks,"$5,333,334"
191,"Michael Porter Jr., SF",Denver Nuggets,"$5,258,735"
192,"Hamidou Diallo, SG",Detroit Pistons,"$5,200,000"
193,"Kevon Looney, C",Golden State Warriors,"$5,178,572"
194,"Troy Brown Jr., SF",Chicago Bulls,"$5,170,564"
195,"Obi Toppin, PF",New York Knicks,"$5,105,160"
196,"Franz Wagner, SF",Orlando Magic,"$5,007,840"
197,"Josh Jackson, SG",Sacramento Kings,"$5,005,350"
198,"Kris Dunn, PG",Portland Trail Blazers,"$5,005,350"
199,"JaVale McGee, C",Phoenix Suns,"$5,000,000"
200,"Robin Lopez, C",Orlando Magic,"$5,000,000"
201,"Kendrick Nunn, G",Los Angeles Lakers,"$5,000,000"
202,"Dante Exum, PG",Houston Rockets,"$5,000,000"
203,"Lou Williams, SG",Atlanta Hawks,"$5,000,000"
204,"Rui Hachimura, PF",Washington Wizards,"$4,916,160"
205,"Taj Gibson, C",New York Knicks,"$4,910,000"
206,"Cory Joseph, PG",Detroit Pistons,"$4,910,000"
207,"Garrett Temple, SF",New Orleans Pelicans,"$4,910,000"
208,"Torrey Craig, SF",Phoenix Suns,"$4,878,049"
209,"Bruce Brown, SF",Brooklyn Nets,"$4,736,102"
210,"Deni Avdija, SF",Washington Wizards,"$4,692,840"
211,"Donte DiVincenzo, SG",Sacramento Kings,"$4,675,830"
212,"Cam Reddish, SF",New York Knicks,"$4,670,160"
213,"David Nwaba, SF",Houston Rockets,"$4,650,000"
214,"Furkan Korkmaz, SG",Philadelphia 76ers,"$4,629,630"
215,"Davion Mitchell, PG",Sacramento Kings,"$4,603,320"
216,"Ish Smith, PG",Washington Wizards,"$4,500,000"
217,"Bryn Forbes, SG",Denver Nuggets,"$4,500,000"
218,"Jeff Green, PF",Denver Nuggets,"$4,500,000"
219,"Jalen Smith, F",Indiana Pacers,"$4,458,000"
220,"Lonnie Walker IV, SG",San Antonio Spurs,"$4,447,896"
221,"Cameron Johnson, SF",Phoenix Suns,"$4,437,000"
222,"Ziaire Williams, SG",Memphis Grizzlies,"$4,373,040"
223,"Maurice Harkless, SF",Sacramento Kings,"$4,347,600"
224,"Bobby Portis, C",Milwaukee Bucks,"$4,347,600"
225,"Kevin Huerter, SG",Atlanta Hawks,"$4,253,357"
226,"Devin Vassell, SG",San Antonio Spurs,"$4,235,160"
227,"P.J. Washington, PF",Charlotte Hornets,"$4,215,120"
228,"James Bouknight, SG",Charlotte Hornets,"$4,154,400"
229,"Willie Cauley-Stein, C",Philadelphia 76ers,"$4,100,000"
230,"Josh Okogie, SF",Minnesota Timberwolves,"$4,087,904"
231,"Grayson Allen, SG",Milwaukee Bucks,"$4,054,695"
232,"Jarred Vanderbilt, PF",Minnesota Timberwolves,"$4,050,000"
233,"Tyrese Haliburton, PG",Indiana Pacers,"$4,023,600"
234,"Chandler Hutchison, SF",Phoenix Suns,"$4,019,459"
235,"Tyler Herro, PG",Miami Heat,"$4,004,280"
236,"Terence Davis, SG",Sacramento Kings,"$4,000,000"
237,"George Hill, PG",Milwaukee Bucks,"$4,000,000"
238,"Dorian Finney-Smith, PF",Dallas Mavericks,"$4,000,000"
239,"Gorgui Dieng, C",Atlanta Hawks,"$4,000,000"
240,"Aaron Holiday, PG",Phoenix Suns,"$3,980,551"
241,"Joshua Primo, SG",San Antonio Spurs,"$3,946,800"
242,"Jake Layman, SF",Minnesota Timberwolves,"$3,940,185"
243,"Anfernee Simons, SG",Portland Trail Blazers,"$3,938,818"
244,"Justise Winslow, PF",Portland Trail Blazers,"$3,902,439"
245,"Kira Lewis Jr., PG",New Orleans Pelicans,"$3,822,240"
246,"Romeo Langford, SG",San Antonio Spurs,"$3,804,360"
247,"Landry Shamet, SG",Phoenix Suns,"$3,768,342"
248,"Chris Duarte, SG",Indiana Pacers,"$3,749,400"
249,"Alex Len, C",Sacramento Kings,"$3,732,000"
250,"Gabriel Deck, SF",Oklahoma City Thunder,"$3,676,852"
251,"Robert Williams III, C",Boston Celtics,"$3,661,976"
252,"Aaron Nesmith, SF",Boston Celtics,"$3,631,200"
253,"Sekou Doumbouya, SF",Los Angeles Lakers,"$3,613,680"
254,"Moses Moody, SG",Golden State Warriors,"$3,562,200"
255,"Boban Marjanovic, C",Dallas Mavericks,"$3,500,000"
256,"Cole Anthony, PG",Orlando Magic,"$3,449,400"
257,"Corey Kispert, SF",Washington Wizards,"$3,383,640"
258,"Mike Muscala, C",Oklahoma City Thunder,"$3,365,385"
259,"Georges Niang, SF",Philadelphia 76ers,"$3,300,000"
260,"Michael Carter-Williams, PG",Orlando Magic,"$3,300,000"
261,"Chuma Okeke, PF",Orlando Magic,"$3,277,080"
262,"Isaiah Stewart, C",Detroit Pistons,"$3,277,080"
263,"Nickeil Alexander-Walker, SG",Utah Jazz,"$3,261,480"
264,"Alperen Sengun, C",Houston Rockets,"$3,214,680"
265,"Facundo Campazzo, PG",Denver Nuggets,"$3,200,000"
266,"Nicolas Batum, PF",LA Clippers,"$3,170,029"
267,"Trey Burke, PG",Dallas Mavericks,"$3,150,000"
268,"Aleksej Pokusevski, C",Oklahoma City Thunder,"$3,113,160"
269,"Goga Bitadze, C",Indiana Pacers,"$3,098,400"
270,"Trey Murphy III, SG",New Orleans Pelicans,"$3,053,760"
271,"Frank Jackson, PG",Detroit Pistons,"$3,000,000"
272,"Sterling Brown, SF",Dallas Mavericks,"$3,000,000"
273,"Luka Samanic, PF",New York Knicks,"$2,959,080"
274,"Josh Green, SG",Dallas Mavericks,"$2,957,520"
275,"Tre Mann, PG",Oklahoma City Thunder,"$2,901,240"
276,"Matisse Thybulle, SG",Philadelphia 76ers,"$2,840,160"
277,"Saddiq Bey, SF",Detroit Pistons,"$2,824,320"
278,"Kai Jones, PF",Charlotte Hornets,"$2,770,560"
279,"Brandon Clarke, PF",Memphis Grizzlies,"$2,726,880"
280,"Precious Achiuwa, PF",Toronto Raptors,"$2,711,280"
281,"Marc Gasol, C",Memphis Grizzlies,"$2,692,991"
282,"Anthony Tolliver, PF",New Orleans Pelicans,"$2,692,991"
283,"Jalen Johnson, SF",Atlanta Hawks,"$2,659,580"
284,"Grant Williams, PF",Boston Celtics,"$2,617,800"
285,"Tyrese Maxey, PG",Philadelphia 76ers,"$2,602,920"
286,"Keon Johnson, SG",Portland Trail Blazers,"$2,553,120"
287,"Darius Bazley, PF",Oklahoma City Thunder,"$2,513,040"
288,"Trey Lyles, PF",Sacramento Kings,"$2,500,000"
289,"Zeke Nnaji, PF",Denver Nuggets,"$2,498,760"
290,"Isaiah Jackson, F",Indiana Pacers,"$2,451,240"
291,"Ty Jerome, SG",Oklahoma City Thunder,"$2,412,840"
292,"Leandro Bolmaro, SG",Minnesota Timberwolves,"$2,353,320"
293,"Usman Garuba, PF",Houston Rockets,"$2,353,320"
294,"Willy Hernangomez, C",New Orleans Pelicans,"$2,327,220"
295,"Edmond Sumner, PG",Brooklyn Nets,"$2,320,000"
296,"Nassir Little, SF",Portland Trail Blazers,"$2,316,240"
297,"R.J. Hampton, PG",Orlando Magic,"$2,303,040"
298,"Josh Christopher, SG",Houston Rockets,"$2,259,240"
299,"Dylan Windler, SG",Cleveland Cavaliers,"$2,239,200"
300,"Immanuel Quickley, SG",New York Knicks,"$2,210,640"
301,"John Konchar, SG",Memphis Grizzlies,"$2,200,000"
302,"Quentin Grimes, SG",New York Knicks,"$2,168,760"
303,"Jordan Poole, SG",Golden State Warriors,"$2,161,440"
304,"Bol Bol, C",Denver Nuggets,"$2,161,152"
305,"Keldon Johnson, SF",San Antonio Spurs,"$2,145,720"
306,"Payton Pritchard, PG",Boston Celtics,"$2,137,440"
307,"Jahlil Okafor, C",Atlanta Hawks,"$2,130,023"
308,"Bones Hyland, PG",Denver Nuggets,"$2,096,880"
309,"Udoka Azubuike, C",Utah Jazz,"$2,075,880"
310,"Jaden McDaniels, PF",Minnesota Timberwolves,"$2,063,280"
311,"Malachi Flynn, PG",Toronto Raptors,"$2,048,040"
312,"Cam Thomas, SG",Brooklyn Nets,"$2,036,280"
313,"Desmond Bane, SG",Memphis Grizzlies,"$2,033,160"
314,"Jaden Springer, G",Philadelphia 76ers,"$2,023,800"
315,"Day'Ron Sharpe, C",Brooklyn Nets,"$2,009,040"
316,"Theo Maledon, PG",Oklahoma City Thunder,"$2,000,000"
317,"Jeremiah Robinson-Earl, PF",Oklahoma City Thunder,"$2,000,000"
318,"Kenrich Williams, SF",Oklahoma City Thunder,"$2,000,000"
319,"Abdel Nader, SF",Phoenix Suns,"$2,000,000"
320,"Jordan McLaughlin, PG",Minnesota Timberwolves,"$2,000,000"
321,"Garrison Mathews, SG",Houston Rockets,"$2,000,000"
322,"Santi Aldama, PF",Memphis Grizzlies,"$1,994,520"
323,"Damian Jones, C",Sacramento Kings,"$1,977,011"
324,"Jontay Porter, PF",Memphis Grizzlies,"$1,950,000"
325,"Denzel Valentine, SG",Utah Jazz,"$1,939,350"
326,"Damion Lee, SG",Golden State Warriors,"$1,910,860"
327,"P.J. Dozier, SG",Denver Nuggets,"$1,910,860"
328,"Killian Tillie, SF",Memphis Grizzlies,"$1,901,625"
329,"Shake Milton, SG",Philadelphia 76ers,"$1,846,738"
330,"Dwayne Bacon, SG",New York Knicks,"$1,824,003"
331,"Wes Iwundu, SF",Atlanta Hawks,"$1,824,003"
332,"Mitchell Robinson, C",New York Knicks,"$1,802,057"
333,"Jalen Brunson, PG",Dallas Mavericks,"$1,802,057"
334,"Didi Louzada, SF",Portland Trail Blazers,"$1,786,878"
335,"Jalen McDaniels, PF",Charlotte Hornets,"$1,782,621"
336,"Cody Martin, SF",Charlotte Hornets,"$1,782,621"
337,"Daniel Gafford, C",Washington Wizards,"$1,782,621"
338,"Eric Paschall, PF",Utah Jazz,"$1,782,621"
339,"Luguentz Dort, SF",Oklahoma City Thunder,"$1,782,621"
340,"KZ Okpala, F",Miami Heat,"$1,782,621"
341,"Isaiah Roby, PF",Oklahoma City Thunder,"$1,782,621"
342,"Nic Claxton, PF",Brooklyn Nets,"$1,782,621"
343,"Naz Reid, C",Minnesota Timberwolves,"$1,782,621"
344,"Jaylen Nowell, SG",Minnesota Timberwolves,"$1,782,621"
345,"Mychal Mulder, G",Miami Heat,"$1,782,621"
346,"Caleb Martin, SF",Miami Heat,"$1,782,621"
347,"Terance Mann, SG",LA Clippers,"$1,782,621"
348,"Yogi Ferrell, PG",LA Clippers,"$1,782,621"
349,"Kevin Porter Jr., SG",Houston Rockets,"$1,782,621"
350,"Bruno Fernando, F",Houston Rockets,"$1,782,621"
351,"Alen Smailagic, PF",Golden State Warriors,"$1,782,621"
352,"Carsen Edwards, PG",Detroit Pistons,"$1,782,621"
353,"Vlatko Cancar, SF",Denver Nuggets,"$1,782,621"
354,"Dean Wade, PF",Cleveland Cavaliers,"$1,782,621"
355,"Miye Oni, SG",Utah Jazz,"$1,782,621"
356,"Yuta Watanabe, SF",Toronto Raptors,"$1,762,796"
357,"Chimezie Metu, PF",Sacramento Kings,"$1,762,796"
358,"Drew Eubanks, PF",Portland Trail Blazers,"$1,762,796"
359,"Khyri Thomas, SG",Houston Rockets,"$1,762,796"
360,"Svi Mykhailiuk, SG",Toronto Raptors,"$1,729,217"
361,"Keita Bates-Diop, SF",San Antonio Spurs,"$1,729,217"
362,"Moritz Wagner, C",Orlando Magic,"$1,729,217"
363,"Paul Watson, SG",Oklahoma City Thunder,"$1,701,593"
364,"Charlie Brown Jr., G",Philadelphia 76ers,"$1,701,593"
365,"Oshae Brissett, SF",Indiana Pacers,"$1,701,593"
366,"Juan Toscano-Anderson, SF",Golden State Warriors,"$1,701,593"
367,"Mfiondu Kabengele, C",Cleveland Cavaliers,"$1,701,593"
368,"Tyler Cook, F",Chicago Bulls,"$1,701,593"
369,"Kelan Martin, SG",Boston Celtics,"$1,701,593"
370,"Herbert Jones, SF",New Orleans Pelicans,"$1,700,000"
371,"Isaac Bonga, G",Toronto Raptors,"$1,669,178"
372,"Sam Dekker, F",Toronto Raptors,"$1,669,178"
373,"Raul Neto, PG",Washington Wizards,"$1,669,178"
374,"Jarrell Brantley, PF",Utah Jazz,"$1,669,178"
375,"Hassan Whiteside, C",Utah Jazz,"$1,669,178"
376,"Ben McLemore, SG",Portland Trail Blazers,"$1,669,178"
377,"Elfrid Payton, PG",Phoenix Suns,"$1,669,178"
378,"Frank Kaminsky, PF",Phoenix Suns,"$1,669,178"
379,"Paul Millsap, PF",Philadelphia 76ers,"$1,669,178"
380,"E'Twaun Moore, G",Orlando Magic,"$1,669,178"
381,"Solomon Hill, SF",Atlanta Hawks,"$1,669,178"
382,"Andre Drummond, C",Brooklyn Nets,"$1,669,178"
383,"James Johnson, PF",Brooklyn Nets,"$1,669,178"
384,"Blake Griffin, PF",Brooklyn Nets,"$1,669,178"
385,"LaMarcus Aldridge, C",Brooklyn Nets,"$1,669,178"
386,"Thanasis Antetokounmpo, SF",Milwaukee Bucks,"$1,669,178"
387,"Max Strus, SG",Miami Heat,"$1,669,178"
388,"Gabe Vincent, PG",Miami Heat,"$1,669,178"
389,"Dewayne Dedmon, C",Miami Heat,"$1,669,178"
390,"Victor Oladipo, SG",Miami Heat,"$1,669,178"
391,"Markieff Morris, PF",Miami Heat,"$1,669,178"
392,"Udonis Haslem, PF",Miami Heat,"$1,669,178"
393,"Malik Monk, SG",Los Angeles Lakers,"$1,669,178"
394,"Kent Bazemore, SF",Los Angeles Lakers,"$1,669,178"
395,"Avery Bradley, PG",Los Angeles Lakers,"$1,669,178"
396,"Wayne Ellington, SG",Los Angeles Lakers,"$1,669,178"
397,"Trevor Ariza, SF",Los Angeles Lakers,"$1,669,178"
398,"Dwight Howard, C",Los Angeles Lakers,"$1,669,178"
399,"Carmelo Anthony, PF",Los Angeles Lakers,"$1,669,178"
400,"Isaiah Hartenstein, C",LA Clippers,"$1,669,178"
401,"Semi Ojeleye, PF",LA Clippers,"$1,669,178"
402,"Rodney Hood, SG",LA Clippers,"$1,669,178"
403,"Gary Payton II, SG",Golden State Warriors,"$1,669,178"
404,"Otto Porter Jr., SF",Golden State Warriors,"$1,669,178"
405,"Nemanja Bjelica, PF",Golden State Warriors,"$1,669,178"
406,"Andre Iguodala, F",Golden State Warriors,"$1,669,178"
407,"Rodney McGruder, G",Detroit Pistons,"$1,669,178"
408,"Austin Rivers, SG",Denver Nuggets,"$1,669,178"
409,"Frank Ntilikina, PG",Dallas Mavericks,"$1,669,178"
410,"Kevin Pangos, G",Cleveland Cavaliers,"$1,669,178"
411,"Ed Davis, C",Cleveland Cavaliers,"$1,669,178"
412,"Rajon Rondo, PG",Cleveland Cavaliers,"$1,669,178"
413,"Tony Bradley, C",Chicago Bulls,"$1,669,178"
414,"Matt Thomas, SG",Chicago Bulls,"$1,669,178"
415,"Javonte Green, SF",Chicago Bulls,"$1,669,178"
416,"Tony Snell, SF",New Orleans Pelicans,"$1,669,178"
417,"Jabari Parker, PF",Boston Celtics,"$1,669,178"
418,"Enes Freedom, C",Boston Celtics,"$1,669,178"
419,"Timothe Luwawu-Cabarrot, SG",Atlanta Hawks,"$1,669,178"
420,"Nick Richards, C",Charlotte Hornets,"$1,517,981"
421,"Tyrell Terry, PG",Memphis Grizzlies,"$1,517,981"
422,"Xavier Tillman, C",Memphis Grizzlies,"$1,517,981"
423,"Sam Merrill, SG",Memphis Grizzlies,"$1,517,981"
424,"Daniel Oturu, C",Toronto Raptors,"$1,517,981"
425,"Vernon Carey Jr., C",Washington Wizards,"$1,517,981"
426,"Caleb Homesley, SG",Washington Wizards,"$1,517,981"
427,"Anthony Gill, PF",Washington Wizards,"$1,517,981"
428,"Mamadi Diakite, PF",Oklahoma City Thunder,"$1,517,981"
429,"Robert Woodard II, SF",Sacramento Kings,"$1,517,981"
430,"Tre Jones, PG",San Antonio Spurs,"$1,517,981"
431,"Jahmi'us Ramsey, SG",Sacramento Kings,"$1,517,981"
432,"CJ Elleby, SG",Portland Trail Blazers,"$1,517,981"
433,"Elijah Hughes, F",Portland Trail Blazers,"$1,517,981"
434,"Isaiah Joe, SG",Philadelphia 76ers,"$1,517,981"
435,"Paul Reed, SF",Philadelphia 76ers,"$1,517,981"
436,"Jordan Nwora, SF",Milwaukee Bucks,"$1,517,981"
437,"Elijah Bryant, SG",Milwaukee Bucks,"$1,517,981"
438,"Kenyon Martin Jr., F",Houston Rockets,"$1,517,981"
439,"Jae'Sean Tate, SF",Houston Rockets,"$1,517,981"
440,"Deividas Sirvydis, SF",Detroit Pistons,"$1,517,981"
441,"Lamar Stevens, F",Cleveland Cavaliers,"$1,517,981"
442,"Naji Marshall, SF",New Orleans Pelicans,"$1,517,981"
443,"Isaiah Todd, PF",Washington Wizards,"$1,500,000"
444,"Omer Yurtseven, C",Miami Heat,"$1,489,065"
445,"Saben Lee, PG",Detroit Pistons,"$1,489,065"
446,"JT Thor, PF",Charlotte Hornets,"$1,250,000"
447,"Wesley Matthews, SG",Milwaukee Bucks,"$1,237,494"
448,"Alfonzo McKinnie, F",Chicago Bulls,"$1,090,007"
449,"Jason Preston, PG",LA Clippers,"$1,062,303"
450,"Isaiah Livers, PF",Detroit Pistons,"$1,057,260"
451,"Tristan Thompson, C",Chicago Bulls,"$1,000,000"
452,"Marquese Chriss, SF",Dallas Mavericks,"$958,529"
453,"Duane Washington Jr., PG",Indiana Pacers,"$950,000"
454,"Dalano Banton, PG",Toronto Raptors,"$925,258"
455,"Jared Butler, SG",Utah Jazz,"$925,258"
456,"Georgios Kalaitzakis, SF",Oklahoma City Thunder,"$925,258"
457,"Vit Krejci, G",Oklahoma City Thunder,"$925,258"
458,"Jock Landale, C",San Antonio Spurs,"$925,258"
459,"Greg Brown III, PF",Portland Trail Blazers,"$925,258"
460,"Charles Bassey, C",Philadelphia 76ers,"$925,258"
461,"Miles McBride, PG",New York Knicks,"$925,258"
462,"Austin Reaves, SG",Los Angeles Lakers,"$925,258"
463,"Brandon Boston Jr., SG",LA Clippers,"$925,258"
464,"Luka Garza, C",Detroit Pistons,"$925,258"
465,"Marko Simonovic, C",Chicago Bulls,"$925,258"
466,"Ayo Dosunmu, SG",Chicago Bulls,"$925,258"
467,"Stanley Johnson, PF",Los Angeles Lakers,"$888,616"
468,"Bismack Biyombo, C",Phoenix Suns,"$863,368"
469,"Lance Stephenson, G",Indiana Pacers,"$642,729"
470,"Daishen Nix, SG",Houston Rockets,"$612,000"
471,"Danuel House Jr., SF",Utah Jazz,"$565,986"
472,"Luke Kornet, F",Boston Celtics,"$565,986"
473,"Keifer Sykes, G",Indiana Pacers,"$558,345"
474,"Ryan Arcidiacono, G",New York Knicks,"$546,800"
475,"DeAndre' Bembry, SG",Milwaukee Bucks,"$518,021"
476,"Goran Dragic, PG",Brooklyn Nets,"$460,463"
477,"Jevon Carter, PG",Milwaukee Bucks,"$441,277"
478,"Trendon Watford, PF",Portland Trail Blazers,"$436,482"
479,"DeMarcus Cousins, C",Denver Nuggets,"$431,684"
480,"Nik Stauskas, G",Boston Celtics,"$432,536"
481,"DeMarcus Cousins, C",Denver Nuggets,"$431,684"
482,"D.J. Augustin, G",Los Angeles Lakers,"$393,312"
483,"DeAndre Jordan, C",Philadelphia 76ers,"$374,126"
484,"Devontae Cacok, PF",San Antonio Spurs,"$364,353"
485,"Sam Hauser, SF",Boston Celtics,"$313,737"
486,"Haywood Highsmith, F",Miami Heat,"$290,967"
487,"Malik Fitts, F",Boston Celtics,"$231,062"
488,"Joe Wieskamp, SF",San Antonio Spurs,"$202,068"
489,"Isaiah Thomas, G",Charlotte Hornets,"$191,860"
490,"Amir Coffey, SG",LA Clippers,"$153,488"
491,"Jose Alvarado, PG",New Orleans Pelicans,"$150,000"
492,"Armoni Brooks, SG",Toronto Raptors,"$136,926"
493,"Devin Cannady, G",Orlando Magic,"$100,000"
494,"Luca Vildoza, G",Milwaukee Bucks,"$42,789"
495,"Rayjon Tucker, G",Milwaukee Bucks,"$28,779"
496,"Juwan Morgan, F",Toronto Raptors,"$19,816"
497,"Moses Brown, C",Cleveland Cavaliers,"$19,186"
498,"Xavier Sneed, F",Utah Jazz,"$8,558"
499,"Ish Wainright, F",Phoenix Suns,"$5,318"
500,"Kessler Edwards, SF",Brooklyn Nets,"$5,318"
